{"precision_at_10": 0.0036258278145695363, "ndcg_at_10": 0.01781499649694793}