{"precision_at_10": 0.00304635761589404, "ndcg_at_10": 0.01440546322098173}